uname,name,pass
Abigale,Abigale Trott,D0EUebNk09
Adan,Adan Staries,rNGfnpK2N
Aharon,Aharon Shimwell,C1z5v4j
Allx,Allx Sturdy,gZ2SMZwHnW
Amelie,Amelie Bein,K5TshHdrND
Andriana,Andriana Lamerton,y4uyHFEvfB
Annissa,Annissa Pietz,20ioa2c8iO
Ansell,Ansell Caves,0VmzeF02jbw
Arabella,Arabella Pauly,Hf4Zjlm
Arne,Arne Burman,NebFBsL3Upkx
Arnoldo,Arnoldo Treker,KDDPiX
Augie,Augie Dunnico,uVHuvDkWV1
Avery,Avery Belmont,nKKAch
Balduin,Balduin Tolson,qAvE0Zsm
Ban,Ban Stollwerk,ZuaUeSixaB6
Banky,Banky Balint,ZL6N9pn
Bar,Bar Zahor,jHDHa8y0
Barby,Barby Rudsdale,XsGB9TUG
Barrett,Barrett Mawford,GxC1A9Hj0
Bartholomeus,Bartholomeus Gheorghe,P3xW4kA1
Belicia,Belicia Bickerdicke,hc3ioWyl
Beltran,Beltran Gossington,tPqehid7fkjC
Beth,Beth Featherbie,5xTsyGnJ
Betti,Betti Maltby,tELrQs6s
Bibby,Bibby Cudiff,bkd9IL
Bobby,Bobby Shute,WShdeSB2k
Bone,Bone Skevington,gE7M4OQ
Branden,Branden Hitschke,1QZOd4YFa
Brenda,Brenda Hendin,naKQSPN73c
Bride,Bride Stabler,r4e80bb7E
Candie,Candie Bowcock,sFkwBmoVBG
Car,Car Tricker,vgEViU0u4xo
Caroline,Caroline Feedome,zGRvGM3t
Cary,Cary Olyonov,OPhpy5Usbc
Cate,Cate Mayberry,efcH9ja8w1
Charla,Charla Offa,LdiR0L8pGi
Chic,Chic Ethersey,5i75BKcSXara
Chicky,Chicky Gedney,9h6tHzhs4HV8
Christa,Christa Ganny,r7o8vk
Ciel,Ciel Juares,xV44NDM0
Clementina,Clementina Lagden,TSLjrdfr5
Cobbie,Cobbie Landrick,6kLRiaFyQ
Consuela,Consuela MacLachlan,86aww7g
Cori,Cori Heiner,74pgQWy6Qq0
Cosette,Cosette Strettle,GfFm74YRUFA
Cyndi,Cyndi Ebourne,d8XJNRwc0zy
Daryl,Daryl Laxtonne,oqrgS6o
Delaney,Delaney Whittet,TGrsEfjGqDd
Delphine,Delphine Longbottom,nMZUFFd
Devin,Devin Wisson,jICLf5
Dillie,Dillie Rosenauer,bBdncFX
Donia,Donia Brounfield,NsCugxDjCHOx
Dredi,Dredi Blackhurst,X2ik2rPQu
Eal,Eal McGenis,2WiKv44O5
Eda,Eda McNelly,3H6Btsza
Edan,Edan McRonald,Vv3mo2V
Elayne,Elayne Bagnall,t5tM8t
Elianora,Elianora Leathe,cZ8I5XjVi
Elisabeth,Elisabeth Lindenman,6meWLK2b
Ellerey,Ellerey Stambridge,9CXopawH
Elysee,Elysee Jones,wgmBXo2hl
Emelda,Emelda Lethem,tlXCRpOy2owV
Esme,Esme Pethick,vTxhjWME
Ezekiel,Ezekiel Ricketts,DiZ6523U
Fabio,Fabio Sneden,n5LJy6rLg
Fairleigh,Fairleigh Pengilly,zIVUAnBj
Ferdinanda,Ferdinanda Lawlance,zjqgdlnkN4W8
Fonsie,Fonsie Condy,6DHXjh
Frannie,Frannie Biasioni,5dSvs8AH
Garret,Garret Olech,xn4SLy
Gaspard,Gaspard Rosenqvist,JUZvhzb3Vqx
Gianni,Gianni Evetts,cEJVVTPkt
Gillian,Gillian Pettet,VXsHO8
Ginger,Ginger Megarrell,MvK5KK
Gregorio,Gregorio Purtell,bLtJaiBs
Gregorius,Gregorius Goddert.sf,ktlJm3p11fa
Happy,Happy Maffy,98yUaBLcwh
Harcourt,Harcourt Dell 'Orto,FrB0wnaUo
Harland,Harland Demeter,BhoLbUv90
Harry,Harry Righy,tBhI2z
Heddi,Heddi Abele,rLPCYO
Hersh,Hersh Lante,TKG0c99Quy
Holly-anne,Holly-anne Ayers,BSYJufbQ4W4F
Hortense,Hortense Mollindinia,3pqWpCWUvh
Hugues,Hugues Jeffree,2ZqbWlaxeO4
Hunt,Hunt Drews,D5l7FpQUijWT
Hurley,Hurley Childrens,b1K1cPK0dGqn
Ingaborg,Ingaborg Geraldi,UaCmUQeiqTbH
Jakob,Jakob Buckingham,WtV9Px0Ng8FF
Jany,Jany Hellikes,MwB9QjRB
Jen,Jen Semor,pE7xILbpw
Joellen,Joellen Barton,f7DDQfvGN
Jules,Jules Vaadeland,LwnMNQsV
Kale,Kale Brosini,XFuxnJ
Kalila,Kalila Gieves,zgRnkaj
Kellby,Kellby Lutwidge,aXrxfA53lb
Kelsi,Kelsi Maymand,9Jb6a74
Kendre,Kendre Scotford,SkGlpz
Kerrin,Kerrin Scolland,mMERZ4fGFDjn
Kimberlee,Kimberlee Blesli,klNkKBFTqdE
Ladonna,Ladonna Durban,tPrWjVFCMNGD
Laryssa,Laryssa Parlour,M2u5plwVpj
Laurice,Laurice Brummell,eHhIKqioBPcB
Lee,Lee Petche,5tTRPJLV9id
Linc,Linc Ancell,G5JJy7Ve6G
Lissi,Lissi Fingleton,UcveWqdvuhY
Lizette,Lizette Baldini,jDMW1zbQdR
Llywellyn,Llywellyn Rigard,3CLaiW
Lorenzo,Lorenzo Casino,Mmfxj1RdNSII
Louella,Louella Rathbourne,VelNdLx74sw
Lyndell,Lyndell Reichartz,0PA3tbCVuDTM
Lynette,Lynette Zanicchi,6DbJ6rpQKGH
Lynnea,Lynnea Casebourne,szQiyVa
Madelon,Madelon Tremmil,LaHqu7GAt
Mal,Mal Conibere,x2hHJE0NL
Malchy,Malchy Oleszkiewicz,4P6fUf
Malcolm,Malcolm Bielfeldt,MlWbCO1MGV6h
Marcellina,Marcellina Kerrich,pBk3x3fP
Marlena,Marlena Noury,eHY3kSSaPJq
Marrilee,Marrilee Sharman,LxSNwQ
Marve,Marve Verdun,dVN3hChqEmw
Marylou,Marylou Brayley,7COjuR
Marys,Marys Prevett,j6nqlhdI2K
Maureen,Maureen Tribe,nM4yLKJA
Maurita,Maurita Mylchreest,4AKKkjoVRRPH
Mersey,Mersey Frude,TprUygYQUs
Michale,Michale Lakin,c318Hc
Milly,Milly Goode,vlsg0vI
Minnnie,Minnnie Board,vPsz7XPOLAa
Minta,Minta Dunne,W9cZRzLuZ
Mirilla,Mirilla Macrow,63kw3QU5Fq
Mychal,Mychal Fortoun,qpmLsde3C0
Nalani,Nalani Gratland,dKCVv97
Nat,Nat Haquin,ghsJdY
Nate,Nate Smails,LNRlN7
Nellie,Nellie Malicki,Eh5818
Nev,Nev Gorch,l2edXYmRvp
Niels,Niels Fominov,jQG3OvAhpH
Noemi,Noemi Katt,QMaSps
Ollie,Ollie McJury,rWcSym
Oralle,Oralle Redgrave,QNA9HoLtFp6
Oriana,Oriana Noakes,CsOk5s0
Otis,Otis Langlais,0jC7pYl
Pembroke,Pembroke Kovalski,V4hpHgCIx
Perrine,Perrine Screech,41hzODGT
Peyton,Peyton Skillitt,BlOXHvNxJ19w
Polly,Polly Smithson,70YMzsL8
Pru,Pru Stimpson,geoOGK1W7bd
Randi,Randi Jackes,Tt8e6gX
Ricard,Ricard Affron,RZ8GkIw5
Roanne,Roanne Antuoni,nsppkw
Roby,Roby Fazzioli,WHy1PZk5CAxB
Romy,Romy Bouskill,yieY5HARIUC
Roosevelt,Roosevelt Ferrand,xaUAJPcs
Rossy,Rossy Petrulis,nIkiNqJc5H
Rozella,Rozella Luckey,tvX4qn5Q
Ruby,Ruby MacArd,PmbsSpB3e
Saleem,Saleem Threadgall,y6xsaMMTYW
Sarajane,Sarajane Summerlad,FpH40x
Shayne,Shayne Vawton,anLU3d
Shelley,Shelley Doubrava,H3SsXHXHC
Shellie,Shellie Clifford,dXU25TvWppB
Siana,Siana Aizikovitch,DRS1KKcLfM
Siffre,Siffre Winston,CbZzExwZzq
Siusan,Siusan Byham,FToxQnHlT
Skipper,Skipper Penwright,156KTg
Sloan,Sloan Vannuccinii,pPtw8n
Sorcha,Sorcha Skellern,IAGs3B
Stephani,Stephani Elfe,WssUuxNCUR7P
Stephanie,Stephanie Briddock,Pyj2X86NVwc
Stevie,Stevie Broderick,eimIVdRJFe
Suki,Suki Brando,B7h2u4
Tabbie,Tabbie Quested,6NqFD8IYmN
Talbot,Talbot McKelvey,gf9FIBeOoC8s
Talya,Talya Jansema,6oIpHT
Tamqrah,Tamqrah Kertess,qZzA771HD5RA
Tanny,Tanny Marcham,UxLtrEpatsU
Tawnya,Tawnya Letty,5brYpW
Teddie,Teddie Wythill,tZ7dXt
Terese,Terese Jones,Y9i44RnkQ11
Terri,Terri Bougourd,xnzh3OgxH
Thekla,Thekla Terne,gj6D4gU
Theodoric,Theodoric Beals,xl3NkNkY3c
Thibaut,Thibaut Nunns,oMd5f7tewjU6
Thorin,Thorin Syer,9XGspRGL9W
Toddy,Toddy Pembry,05POdPIblYt
Toma,Toma Eacott,4dvezqkDqQ
Torie,Torie Ghidelli,rS5LMXZdHB46
Tove,Tove Sobieski,W9Y92wgU5TZ
Tuesday,Tuesday Cantwell,Jf2pDZ5TO
Valeda,Valeda Kobiera,XF62y2TP
Vally,Vally Ughi,PtVUvH1wRU
Vannie,Vannie Woollacott,lZuIn7jM
Vlad,Vlad Weigh,cLtMVk
Waite,Waite Radbourne,T4Rw4taXUB
Yankee,Yankee Pentelow,RRH63UKxdjBU
Yasmeen,Yasmeen Symper,S29C7Zu
